{"cameraMode":{"drawMode":0,"name":"Shaded","section":"Shading Mode"},"sceneLighting":true,"audioPlay":false,"sceneViewState":{"showFog":true,"showMaterialUpdate":false,"showSkybox":true,"showFlares":true,"showImageEffects":true,"showParticleSystems":true,"showVisualEffectGraphs":true,"m_FxEnabled":false},"in2DMode":false,"pivot":{"x":0.3100000023841858,"y":2.200000047683716,"z":-0.0799897164106369},"rotation":{"x":-0.03532455861568451,"y":0.2308429777622223,"z":-0.008366615511476994,"w":-0.9723225831985474},"size":0.8660253882408142,"orthographic":false}