{"cameraMode":{"drawMode":0,"name":"Shaded","section":"Shading Mode"},"sceneLighting":true,"audioPlay":false,"sceneViewState":{"showFog":true,"showMaterialUpdate":false,"showSkybox":true,"showFlares":true,"showImageEffects":true,"showParticleSystems":true,"showVisualEffectGraphs":true,"m_FxEnabled":false},"in2DMode":false,"pivot":{"x":-0.02092781662940979,"y":0.6339314579963684,"z":-0.23417389392852784},"rotation":{"x":-0.3430840075016022,"y":-0.24364836513996125,"z":0.09267044812440872,"w":-0.9024375081062317},"size":2.009901762008667,"orthographic":false}