{"cameraMode":{"drawMode":0,"name":"Shaded","section":"Shading Mode"},"sceneLighting":true,"audioPlay":false,"sceneViewState":{"showFog":true,"showMaterialUpdate":false,"showSkybox":true,"showFlares":true,"showImageEffects":true,"showParticleSystems":true,"showVisualEffectGraphs":true,"m_FxEnabled":false},"in2DMode":false,"pivot":{"x":3.0469284057617189,"y":2.6538405418395998,"z":1.6709308624267579},"rotation":{"x":-0.051986824721097949,"y":-0.17260512709617616,"z":0.009154709056019783,"w":-0.9836022853851318},"size":5.319063186645508,"orthographic":false}