{"playerData":{"position":[498.88433837890627,9.77971363067627,509.3404235839844]},"cubeDatas":[],"creatureDatas":[{"name":"Creature0","position":[497.5025634765625,5.0,500.5035705566406],"rotation":[0.000014766891581530217,281.5506896972656,0.000026875541152548976]},{"name":"Creature1","position":[501.5409851074219,3.9999990463256838,505.7874755859375],"rotation":[0.000015844098015804775,46.11334228515625,0.000013897799362894148]}],"creatureIndex":2}